cost_center_id,cost_center_name,account_id,account_name,fiscal_year,month,budget_amount
CC100,Sales,6010,Salaries & Wages,2026,1,80000.0
CC100,Sales,6010,Salaries & Wages,2026,2,80000.0
CC100,Sales,6010,Salaries & Wages,2026,3,80000.0
CC100,Sales,6010,Salaries & Wages,2026,4,80000.0
CC100,Sales,6010,Salaries & Wages,2026,5,80000.0
CC100,Sales,6010,Salaries & Wages,2026,6,80000.0
CC100,Sales,6010,Salaries & Wages,2026,7,80000.0
CC100,Sales,6010,Salaries & Wages,2026,8,80000.0
CC100,Sales,6010,Salaries & Wages,2026,9,80000.0
CC100,Sales,6010,Salaries & Wages,2026,10,80000.0
CC100,Sales,6010,Salaries & Wages,2026,11,80000.0
CC100,Sales,6010,Salaries & Wages,2026,12,80000.0
CC200,Marketing,6010,Salaries & Wages,2026,1,60000.0
CC200,Marketing,6010,Salaries & Wages,2026,2,60000.0
CC200,Marketing,6010,Salaries & Wages,2026,3,60000.0
CC200,Marketing,6010,Salaries & Wages,2026,4,60000.0
CC200,Marketing,6010,Salaries & Wages,2026,5,60000.0
CC200,Marketing,6010,Salaries & Wages,2026,6,60000.0
CC200,Marketing,6010,Salaries & Wages,2026,7,60000.0
CC200,Marketing,6010,Salaries & Wages,2026,8,60000.0
CC200,Marketing,6010,Salaries & Wages,2026,9,60000.0
CC200,Marketing,6010,Salaries & Wages,2026,10,60000.0
CC200,Marketing,6010,Salaries & Wages,2026,11,60000.0
CC200,Marketing,6010,Salaries & Wages,2026,12,60000.0
CC300,Engineering,6010,Salaries & Wages,2026,1,150000.0
CC300,Engineering,6010,Salaries & Wages,2026,2,150000.0
CC300,Engineering,6010,Salaries & Wages,2026,3,150000.0
CC300,Engineering,6010,Salaries & Wages,2026,4,150000.0
CC300,Engineering,6010,Salaries & Wages,2026,5,150000.0
CC300,Engineering,6010,Salaries & Wages,2026,6,150000.0
CC300,Engineering,6010,Salaries & Wages,2026,7,150000.0
CC300,Engineering,6010,Salaries & Wages,2026,8,150000.0
CC300,Engineering,6010,Salaries & Wages,2026,9,150000.0
CC300,Engineering,6010,Salaries & Wages,2026,10,150000.0
CC300,Engineering,6010,Salaries & Wages,2026,11,150000.0
CC300,Engineering,6010,Salaries & Wages,2026,12,150000.0
CC400,G&A,6010,Salaries & Wages,2026,1,50000.0
CC400,G&A,6010,Salaries & Wages,2026,2,50000.0
CC400,G&A,6010,Salaries & Wages,2026,3,50000.0
CC400,G&A,6010,Salaries & Wages,2026,4,50000.0
CC400,G&A,6010,Salaries & Wages,2026,5,50000.0
CC400,G&A,6010,Salaries & Wages,2026,6,50000.0
CC400,G&A,6010,Salaries & Wages,2026,7,50000.0
CC400,G&A,6010,Salaries & Wages,2026,8,50000.0
CC400,G&A,6010,Salaries & Wages,2026,9,50000.0
CC400,G&A,6010,Salaries & Wages,2026,10,50000.0
CC400,G&A,6010,Salaries & Wages,2026,11,50000.0
CC400,G&A,6010,Salaries & Wages,2026,12,50000.0
CC100,Sales,6020,Employee Benefits,2026,1,16000.0
CC100,Sales,6020,Employee Benefits,2026,2,16000.0
CC100,Sales,6020,Employee Benefits,2026,3,16000.0
CC100,Sales,6020,Employee Benefits,2026,4,16000.0
CC100,Sales,6020,Employee Benefits,2026,5,16000.0
CC100,Sales,6020,Employee Benefits,2026,6,16000.0
CC100,Sales,6020,Employee Benefits,2026,7,16000.0
CC100,Sales,6020,Employee Benefits,2026,8,16000.0
CC100,Sales,6020,Employee Benefits,2026,9,16000.0
CC100,Sales,6020,Employee Benefits,2026,10,16000.0
CC100,Sales,6020,Employee Benefits,2026,11,16000.0
CC100,Sales,6020,Employee Benefits,2026,12,16000.0
CC200,Marketing,6020,Employee Benefits,2026,1,12000.0
CC200,Marketing,6020,Employee Benefits,2026,2,12000.0
CC200,Marketing,6020,Employee Benefits,2026,3,12000.0
CC200,Marketing,6020,Employee Benefits,2026,4,12000.0
CC200,Marketing,6020,Employee Benefits,2026,5,12000.0
CC200,Marketing,6020,Employee Benefits,2026,6,12000.0
CC200,Marketing,6020,Employee Benefits,2026,7,12000.0
CC200,Marketing,6020,Employee Benefits,2026,8,12000.0
CC200,Marketing,6020,Employee Benefits,2026,9,12000.0
CC200,Marketing,6020,Employee Benefits,2026,10,12000.0
CC200,Marketing,6020,Employee Benefits,2026,11,12000.0
CC200,Marketing,6020,Employee Benefits,2026,12,12000.0
CC300,Engineering,6020,Employee Benefits,2026,1,30000.0
CC300,Engineering,6020,Employee Benefits,2026,2,30000.0
CC300,Engineering,6020,Employee Benefits,2026,3,30000.0
CC300,Engineering,6020,Employee Benefits,2026,4,30000.0
CC300,Engineering,6020,Employee Benefits,2026,5,30000.0
CC300,Engineering,6020,Employee Benefits,2026,6,30000.0
CC300,Engineering,6020,Employee Benefits,2026,7,30000.0
CC300,Engineering,6020,Employee Benefits,2026,8,30000.0
CC300,Engineering,6020,Employee Benefits,2026,9,30000.0
CC300,Engineering,6020,Employee Benefits,2026,10,30000.0
CC300,Engineering,6020,Employee Benefits,2026,11,30000.0
CC300,Engineering,6020,Employee Benefits,2026,12,30000.0
CC400,G&A,6020,Employee Benefits,2026,1,10000.0
CC400,G&A,6020,Employee Benefits,2026,2,10000.0
CC400,G&A,6020,Employee Benefits,2026,3,10000.0
CC400,G&A,6020,Employee Benefits,2026,4,10000.0
CC400,G&A,6020,Employee Benefits,2026,5,10000.0
CC400,G&A,6020,Employee Benefits,2026,6,10000.0
CC400,G&A,6020,Employee Benefits,2026,7,10000.0
CC400,G&A,6020,Employee Benefits,2026,8,10000.0
CC400,G&A,6020,Employee Benefits,2026,9,10000.0
CC400,G&A,6020,Employee Benefits,2026,10,10000.0
CC400,G&A,6020,Employee Benefits,2026,11,10000.0
CC400,G&A,6020,Employee Benefits,2026,12,10000.0
CC100,Sales,6110,Software & Subscriptions,2026,1,5000.0
CC100,Sales,6110,Software & Subscriptions,2026,2,5000.0
CC100,Sales,6110,Software & Subscriptions,2026,3,5000.0
CC100,Sales,6110,Software & Subscriptions,2026,4,5000.0
CC100,Sales,6110,Software & Subscriptions,2026,5,5000.0
CC100,Sales,6110,Software & Subscriptions,2026,6,5000.0
CC100,Sales,6110,Software & Subscriptions,2026,7,5000.0
CC100,Sales,6110,Software & Subscriptions,2026,8,5000.0
CC100,Sales,6110,Software & Subscriptions,2026,9,5000.0
CC100,Sales,6110,Software & Subscriptions,2026,10,5000.0
CC100,Sales,6110,Software & Subscriptions,2026,11,5000.0
CC100,Sales,6110,Software & Subscriptions,2026,12,5000.0
CC200,Marketing,6110,Software & Subscriptions,2026,1,4000.0
CC200,Marketing,6110,Software & Subscriptions,2026,2,4000.0
CC200,Marketing,6110,Software & Subscriptions,2026,3,4000.0
CC200,Marketing,6110,Software & Subscriptions,2026,4,4000.0
CC200,Marketing,6110,Software & Subscriptions,2026,5,4000.0
CC200,Marketing,6110,Software & Subscriptions,2026,6,4000.0
CC200,Marketing,6110,Software & Subscriptions,2026,7,4000.0
CC200,Marketing,6110,Software & Subscriptions,2026,8,4000.0
CC200,Marketing,6110,Software & Subscriptions,2026,9,4000.0
CC200,Marketing,6110,Software & Subscriptions,2026,10,4000.0
CC200,Marketing,6110,Software & Subscriptions,2026,11,4000.0
CC200,Marketing,6110,Software & Subscriptions,2026,12,4000.0
CC300,Engineering,6110,Software & Subscriptions,2026,1,15000.0
CC300,Engineering,6110,Software & Subscriptions,2026,2,15000.0
CC300,Engineering,6110,Software & Subscriptions,2026,3,15000.0
CC300,Engineering,6110,Software & Subscriptions,2026,4,15000.0
CC300,Engineering,6110,Software & Subscriptions,2026,5,15000.0
CC300,Engineering,6110,Software & Subscriptions,2026,6,15000.0
CC300,Engineering,6110,Software & Subscriptions,2026,7,15000.0
CC300,Engineering,6110,Software & Subscriptions,2026,8,15000.0
CC300,Engineering,6110,Software & Subscriptions,2026,9,15000.0
CC300,Engineering,6110,Software & Subscriptions,2026,10,15000.0
CC300,Engineering,6110,Software & Subscriptions,2026,11,15000.0
CC300,Engineering,6110,Software & Subscriptions,2026,12,15000.0
CC400,G&A,6110,Software & Subscriptions,2026,1,6000.0
CC400,G&A,6110,Software & Subscriptions,2026,2,6000.0
CC400,G&A,6110,Software & Subscriptions,2026,3,6000.0
CC400,G&A,6110,Software & Subscriptions,2026,4,6000.0
CC400,G&A,6110,Software & Subscriptions,2026,5,6000.0
CC400,G&A,6110,Software & Subscriptions,2026,6,6000.0
CC400,G&A,6110,Software & Subscriptions,2026,7,6000.0
CC400,G&A,6110,Software & Subscriptions,2026,8,6000.0
CC400,G&A,6110,Software & Subscriptions,2026,9,6000.0
CC400,G&A,6110,Software & Subscriptions,2026,10,6000.0
CC400,G&A,6110,Software & Subscriptions,2026,11,6000.0
CC400,G&A,6110,Software & Subscriptions,2026,12,6000.0
CC100,Sales,6210,Travel & Entertainment,2026,1,7000.0
CC100,Sales,6210,Travel & Entertainment,2026,2,7000.0
CC100,Sales,6210,Travel & Entertainment,2026,3,7000.0
CC100,Sales,6210,Travel & Entertainment,2026,4,7000.0
CC100,Sales,6210,Travel & Entertainment,2026,5,7000.0
CC100,Sales,6210,Travel & Entertainment,2026,6,7000.0
CC100,Sales,6210,Travel & Entertainment,2026,7,7000.0
CC100,Sales,6210,Travel & Entertainment,2026,8,7000.0
CC100,Sales,6210,Travel & Entertainment,2026,9,7000.0
CC100,Sales,6210,Travel & Entertainment,2026,10,7000.0
CC100,Sales,6210,Travel & Entertainment,2026,11,7000.0
CC100,Sales,6210,Travel & Entertainment,2026,12,7000.0
CC200,Marketing,6210,Travel & Entertainment,2026,1,3000.0
CC200,Marketing,6210,Travel & Entertainment,2026,2,3000.0
CC200,Marketing,6210,Travel & Entertainment,2026,3,3000.0
CC200,Marketing,6210,Travel & Entertainment,2026,4,3000.0
CC200,Marketing,6210,Travel & Entertainment,2026,5,3000.0
CC200,Marketing,6210,Travel & Entertainment,2026,6,3000.0
CC200,Marketing,6210,Travel & Entertainment,2026,7,3000.0
CC200,Marketing,6210,Travel & Entertainment,2026,8,3000.0
CC200,Marketing,6210,Travel & Entertainment,2026,9,3000.0
CC200,Marketing,6210,Travel & Entertainment,2026,10,3000.0
CC200,Marketing,6210,Travel & Entertainment,2026,11,3000.0
CC200,Marketing,6210,Travel & Entertainment,2026,12,3000.0
CC300,Engineering,6210,Travel & Entertainment,2026,1,2000.0
CC300,Engineering,6210,Travel & Entertainment,2026,2,2000.0
CC300,Engineering,6210,Travel & Entertainment,2026,3,2000.0
CC300,Engineering,6210,Travel & Entertainment,2026,4,2000.0
CC300,Engineering,6210,Travel & Entertainment,2026,5,2000.0
CC300,Engineering,6210,Travel & Entertainment,2026,6,2000.0
CC300,Engineering,6210,Travel & Entertainment,2026,7,2000.0
CC300,Engineering,6210,Travel & Entertainment,2026,8,2000.0
CC300,Engineering,6210,Travel & Entertainment,2026,9,2000.0
CC300,Engineering,6210,Travel & Entertainment,2026,10,2000.0
CC300,Engineering,6210,Travel & Entertainment,2026,11,2000.0
CC300,Engineering,6210,Travel & Entertainment,2026,12,2000.0
CC400,G&A,6210,Travel & Entertainment,2026,1,1000.0
CC400,G&A,6210,Travel & Entertainment,2026,2,1000.0
CC400,G&A,6210,Travel & Entertainment,2026,3,1000.0
CC400,G&A,6210,Travel & Entertainment,2026,4,1000.0
CC400,G&A,6210,Travel & Entertainment,2026,5,1000.0
CC400,G&A,6210,Travel & Entertainment,2026,6,1000.0
CC400,G&A,6210,Travel & Entertainment,2026,7,1000.0
CC400,G&A,6210,Travel & Entertainment,2026,8,1000.0
CC400,G&A,6210,Travel & Entertainment,2026,9,1000.0
CC400,G&A,6210,Travel & Entertainment,2026,10,1000.0
CC400,G&A,6210,Travel & Entertainment,2026,11,1000.0
CC400,G&A,6210,Travel & Entertainment,2026,12,1000.0
CC100,Sales,6510,Professional Services,2026,1,2000.0
CC100,Sales,6510,Professional Services,2026,2,2000.0
CC100,Sales,6510,Professional Services,2026,3,2000.0
CC100,Sales,6510,Professional Services,2026,4,2000.0
CC100,Sales,6510,Professional Services,2026,5,2000.0
CC100,Sales,6510,Professional Services,2026,6,2000.0
CC100,Sales,6510,Professional Services,2026,7,2000.0
CC100,Sales,6510,Professional Services,2026,8,2000.0
CC100,Sales,6510,Professional Services,2026,9,2000.0
CC100,Sales,6510,Professional Services,2026,10,2000.0
CC100,Sales,6510,Professional Services,2026,11,2000.0
CC100,Sales,6510,Professional Services,2026,12,2000.0
CC200,Marketing,6510,Professional Services,2026,1,10000.0
CC200,Marketing,6510,Professional Services,2026,2,10000.0
CC200,Marketing,6510,Professional Services,2026,3,10000.0
CC200,Marketing,6510,Professional Services,2026,4,10000.0
CC200,Marketing,6510,Professional Services,2026,5,10000.0
CC200,Marketing,6510,Professional Services,2026,6,10000.0
CC200,Marketing,6510,Professional Services,2026,7,10000.0
CC200,Marketing,6510,Professional Services,2026,8,10000.0
CC200,Marketing,6510,Professional Services,2026,9,10000.0
CC200,Marketing,6510,Professional Services,2026,10,10000.0
CC200,Marketing,6510,Professional Services,2026,11,10000.0
CC200,Marketing,6510,Professional Services,2026,12,10000.0
CC300,Engineering,6510,Professional Services,2026,1,5000.0
CC300,Engineering,6510,Professional Services,2026,2,5000.0
CC300,Engineering,6510,Professional Services,2026,3,5000.0
CC300,Engineering,6510,Professional Services,2026,4,5000.0
CC300,Engineering,6510,Professional Services,2026,5,5000.0
CC300,Engineering,6510,Professional Services,2026,6,5000.0
CC300,Engineering,6510,Professional Services,2026,7,5000.0
CC300,Engineering,6510,Professional Services,2026,8,5000.0
CC300,Engineering,6510,Professional Services,2026,9,5000.0
CC300,Engineering,6510,Professional Services,2026,10,5000.0
CC300,Engineering,6510,Professional Services,2026,11,5000.0
CC300,Engineering,6510,Professional Services,2026,12,5000.0
CC400,G&A,6510,Professional Services,2026,1,8000.0
CC400,G&A,6510,Professional Services,2026,2,8000.0
CC400,G&A,6510,Professional Services,2026,3,8000.0
CC400,G&A,6510,Professional Services,2026,4,8000.0
CC400,G&A,6510,Professional Services,2026,5,8000.0
CC400,G&A,6510,Professional Services,2026,6,8000.0
CC400,G&A,6510,Professional Services,2026,7,8000.0
CC400,G&A,6510,Professional Services,2026,8,8000.0
CC400,G&A,6510,Professional Services,2026,9,8000.0
CC400,G&A,6510,Professional Services,2026,10,8000.0
CC400,G&A,6510,Professional Services,2026,11,8000.0
CC400,G&A,6510,Professional Services,2026,12,8000.0
CC100,Sales,6610,Facilities & Rent,2026,1,3000.0
CC100,Sales,6610,Facilities & Rent,2026,2,3000.0
CC100,Sales,6610,Facilities & Rent,2026,3,3000.0
CC100,Sales,6610,Facilities & Rent,2026,4,3000.0
CC100,Sales,6610,Facilities & Rent,2026,5,3000.0
CC100,Sales,6610,Facilities & Rent,2026,6,3000.0
CC100,Sales,6610,Facilities & Rent,2026,7,3000.0
CC100,Sales,6610,Facilities & Rent,2026,8,3000.0
CC100,Sales,6610,Facilities & Rent,2026,9,3000.0
CC100,Sales,6610,Facilities & Rent,2026,10,3000.0
CC100,Sales,6610,Facilities & Rent,2026,11,3000.0
CC100,Sales,6610,Facilities & Rent,2026,12,3000.0
CC200,Marketing,6610,Facilities & Rent,2026,1,2000.0
CC200,Marketing,6610,Facilities & Rent,2026,2,2000.0
CC200,Marketing,6610,Facilities & Rent,2026,3,2000.0
CC200,Marketing,6610,Facilities & Rent,2026,4,2000.0
CC200,Marketing,6610,Facilities & Rent,2026,5,2000.0
CC200,Marketing,6610,Facilities & Rent,2026,6,2000.0
CC200,Marketing,6610,Facilities & Rent,2026,7,2000.0
CC200,Marketing,6610,Facilities & Rent,2026,8,2000.0
CC200,Marketing,6610,Facilities & Rent,2026,9,2000.0
CC200,Marketing,6610,Facilities & Rent,2026,10,2000.0
CC200,Marketing,6610,Facilities & Rent,2026,11,2000.0
CC200,Marketing,6610,Facilities & Rent,2026,12,2000.0
CC300,Engineering,6610,Facilities & Rent,2026,1,4000.0
CC300,Engineering,6610,Facilities & Rent,2026,2,4000.0
CC300,Engineering,6610,Facilities & Rent,2026,3,4000.0
CC300,Engineering,6610,Facilities & Rent,2026,4,4000.0
CC300,Engineering,6610,Facilities & Rent,2026,5,4000.0
CC300,Engineering,6610,Facilities & Rent,2026,6,4000.0
CC300,Engineering,6610,Facilities & Rent,2026,7,4000.0
CC300,Engineering,6610,Facilities & Rent,2026,8,4000.0
CC300,Engineering,6610,Facilities & Rent,2026,9,4000.0
CC300,Engineering,6610,Facilities & Rent,2026,10,4000.0
CC300,Engineering,6610,Facilities & Rent,2026,11,4000.0
CC300,Engineering,6610,Facilities & Rent,2026,12,4000.0
CC400,G&A,6610,Facilities & Rent,2026,1,5000.0
CC400,G&A,6610,Facilities & Rent,2026,2,5000.0
CC400,G&A,6610,Facilities & Rent,2026,3,5000.0
CC400,G&A,6610,Facilities & Rent,2026,4,5000.0
CC400,G&A,6610,Facilities & Rent,2026,5,5000.0
CC400,G&A,6610,Facilities & Rent,2026,6,5000.0
CC400,G&A,6610,Facilities & Rent,2026,7,5000.0
CC400,G&A,6610,Facilities & Rent,2026,8,5000.0
CC400,G&A,6610,Facilities & Rent,2026,9,5000.0
CC400,G&A,6610,Facilities & Rent,2026,10,5000.0
CC400,G&A,6610,Facilities & Rent,2026,11,5000.0
CC400,G&A,6610,Facilities & Rent,2026,12,5000.0
